source_id;first_name;last_name;email;employment_status;is_active;job_title;job_role;department_name;sub_department_name;unit_name;base_location_country;base_location_state;base_location_city;organization_location_country;organization_location_state;organization_location_city;region;manager_id;job_start_date;job_end_date;company_code;has_managerial_role;travel_country;travel_state;travel_city;trip_start_date;trip_end_date;is_integrated
218979;Alvin;Myers;to@mawibvu.bm;X;false;gusipcad;DIR;bicge;muk;sup;UA;KS;Batuzo;NO;WA;Antejmi;lajjo;594199;21151018;21041120;wyhp;true;AL;NM;Zepjineh;20640222;20750327;false
537717;Ola;Owen;zefawta@kibhe.bh;E;true;cajis;NOBA;sun;ahnaza;jerri;TV;OH;Wartivhe;FR;LA;Vafhufab;uragesoku;885867;20421012;20980320;IONX;true;KI;VA;Unwotgez;20521112;20740810;false
891825;Timothy;Fleming;wucpi@mahalif.aw;X;true;he;6;ic;hijditkol;katridu;SE;CO;Ajacema;UG;AL;Ohrofi;kogduh;283578;20550124;21111225;wQYd;true;GL;NM;Jemkidat;20790123;20371118;true
828835;Tony;Chambers;pitwub@zacfaaga.jm;X;true;situge;2;fom;bub;emodufnir;YT;AK;Ofolida;ET;DE;Nalocaolo;zezakwe;519252;20580502;20950908;saFs;false;AL;IA;Tebennon;20681129;21060807;true
950069;Alex;Goodwin;nazte@casna.mc;E;false;jel;4;haef;wafo;upi;TN;DC;Cutzuju;FJ;MI;Jiswabef;bud;459583;21120826;20610102;hjkJ;false;CZ;OK;Amikada;20971231;20491006;true
833721;Clyde;Guerrero;codur@buwvi.fr;E;false;sowev;7;kucnuz;buw;maoprej;MV;NE;Copivcem;FM;ME;Paruzos;igigu;213697;21130419;20511103;eKTh;true;YE;MS;Kunvakhe;21151229;20840504;false
595681;Bradley;McGuire;ok@moas.lv;X;true;vel;NOBA;joz;jikdus;votpamkez;AI;NY;Cujulze;GN;WY;Kedijpat;pak;959891;20821016;20810824;ttWD;false;SE;MT;Ahisooc;20880409;21101111;true
636740;Mario;Holloway;romdunfa@it.gn;X;true;hok;6;ope;urened;uwtozad;BZ;UT;Wusheziw;UY;UT;Sobsawna;labujov;875150;20930101;20761101;gfHQ;true;IE;PA;Kaddumu;20600605;20810715;false
230508;Chad;Copeland;noked@gonwuprob.cr;E;true;ko;5;fifewobug;woudbaj;ah;MK;NE;Bojusi;LY;WI;Vufipuh;ugosuvvu;151819;20371115;20680926;vRJg;false;DJ;NH;Azcikol;20220525;21220810;false
385590;Cameron;Vargas;maotfo@jel.fk;X;false;apu;3;ovesu;volej;na;KY;MO;Gukisi;NZ;CO;Zuvpulkub;jinka;369086;20621028;20771231;lnSZ;true;NA;TX;Mogsuwa;20230203;20771020;true
069153;Logan;Poole;gasemet@naw.no;E;true;hemdizek;4;wahdi;cago;gijokine;BI;NH;Hotaguj;YE;KY;Zuhapokiz;cud;498504;20750820;20420223;FbZM;false;IC;MA;Gemmospe;21131028;20770602;true
386258;Jerry;Mills;go@doucuzi.lb;E;false;vuh;5;bo;guzpoice;cop;NA;RI;Sumoszus;BW;NV;Owusistow;tepo;867760;20451010;20701116;WCEx;true;AG;WV;Gepwiffib;21190325;20260630;true
905015;Micheal;Waters;dahnufhed@od.cn;X;true;kijija;3;wuv;ciz;ujedulomu;CC;NM;Fordonej;TV;OR;Jarimu;mijsul;184558;20370222;20741030;WquF;false;GN;AR;Wicunmuj;20660723;20351002;false
998726;Rhoda;Banks;efu@banules.mh;X;true;hucavarij;7;vab;cijhop;ciepil;MS;ND;Ozfuvlit;RE;VA;Zulkuji;copco;776377;20770311;20371210;YpFR;true;GU;VT;Suoheger;20410827;20720923;false
404099;Kyle;Reynolds;metodoj@pabulor.fk;X;false;ekawuzli;4;kat;odurizto;jatmemnu;AD;SD;Durenire;RS;IA;Tiwifeno;ho;602876;21020626;20500926;njlM;false;MH;VA;Levcavrag;21180820;21150804;false
817325;Carolyn;Patterson;mafoim@ledo.zw;X;false;on;DIR;go;pukacocuk;telvib;ML;GA;Igafiam;CF;MO;Jumsakov;nocava;105562;20900314;20270307;eqSg;true;MT;OK;Cevfufe;20470309;20741105;false
027441;Rosetta;Sparks;naso@wim.dk;X;true;pijhir;NOBA;sirihe;jadtow;icre;BS;NH;Nidain;GM;ID;Omefehe;fizodifob;655794;20530606;21010521;TcuH;true;KR;MO;Liwuwhor;20390228;21101110;false
463799;Claudia;Mason;hi@ugautlum.in;E;true;lezvokpa;4;deggo;ki;locga;MK;MI;Ibaemtoz;HN;AK;Akbajam;rovnim;721963;20500716;21010801;YESl;true;IQ;MD;Reomivu;21090907;20340828;true
230658;Albert;Smith;jalha@ipna.ai;X;true;ve;7;fo;jerufbo;puwhi;PT;ND;Mabadju;BN;OK;Bubedlik;lansiw;226138;20640617;20250319;TMlc;true;ZA;ME;Zuogukis;20850603;20740523;true
598396;Addie;Harmon;dus@herut.tf;E;false;roha;4;lodsu;sizku;melirek;BJ;HI;Bavheluf;JM;PA;Vupihca;me;089685;20740305;20420915;QXNy;false;AD;FL;Odekortov;20650312;20990702;true
149488;Essie;Schneider;opemabko@cadi.ua;E;true;la;4;hevvofrik;kijaz;re;IN;IN;Piseguepe;LA;OR;Fetjehpol;powic;651828;21110704;20570422;ZugN;false;YE;OH;Omudelo;20361104;20630523;false
009061;Terry;Long;arofaak@elekum.pr;X;true;lo;NOBA;af;cena;jeperos;ZW;PA;Kewfelhu;VU;NV;Kuovacoj;abimi;379576;20980925;20231106;YZRO;true;DO;CA;Ozhaku;20840524;20630713;false
256853;Caroline;Pearson;na@di.gov;X;false;fot;3;gapoges;evipeh;muf;SV;GA;Mazojev;MD;VT;Wurawam;za;301791;20950726;20410906;VDVf;true;TM;AK;Jiejolib;20600529;20981209;false
680511;Ronald;Garza;jotifod@bajjatsuk.it;E;false;rewed;5;ge;zeptih;ef;RW;VT;Curhelob;GS;ID;Vivzowug;hoh;600058;20441002;20250325;eIjI;false;KG;MT;Epeikam;20630415;20830310;false
035908;Augusta;Simon;sakfok@cu.ie;E;false;bavruj;NOBA;rajlo;ju;di;AW;NE;Gakzaaz;PM;WV;Maimuma;umaujse;256703;20770419;20450409;NLBY;false;CG;ME;Panrier;20240511;20370330;true
670024;Maud;Mason;pirgince@lobvum.qa;X;true;so;5;lozhazi;siabku;men;PF;SC;Mopgafoz;NF;WI;Adiufacu;tomsolode;590165;20401201;20400401;FKaR;false;CC;TN;Hizigsow;20630930;20901230;false
330455;Johnny;Carson;ukpuf@ulapepa.dz;E;false;hedloknu;NOBA;deajet;kenpa;gukigu;BZ;MN;Salituw;NL;MD;Fiutonup;zihfuv;052754;20730110;20921225;TPIf;false;TF;AZ;Roresmuv;20380414;20401111;true
787328;Russell;Parsons;uhzuobu@tavul.com;X;true;ir;4;dirnino;fug;kammeslo;FM;FL;Eksucbi;ME;WA;Henezof;owkuc;655031;20410521;20461221;gSCc;false;SN;WA;Jolgonvif;20810222;20680407;true
397956;Edwin;Maldonado;fuh@kirpisra.jm;E;false;utubij;4;irucu;nickikgu;oviot;GY;AL;Cuevra;IS;VA;Mawendu;povukbeb;618925;20470322;21060107;cZGD;true;VU;MN;Mauhfen;20251007;21091228;false
983455;Dale;Warner;foblovku@gicu.th;X;true;akavelul;5;zel;so;vu;UZ;NC;Ikuadaku;KH;CT;Hofwenvov;upces;993012;20270213;20611005;xwim;false;YT;KY;Anhaaju;20570122;20950802;true
119432;John;Montgomery;olunakah@evigibrop.tl;X;false;lu;2;buw;in;hiswuj;DO;DC;Efweta;MC;HI;Ruzene;fab;152976;21070116;21220806;Jsca;false;ER;CA;Zubikce;20410123;20360805;true
930548;Isabella;Sims;ziow@mif.ng;E;false;ahsez;7;gutegeot;ovuobibu;lojajuso;GD;NH;Omjiafu;MU;MI;Ruzumi;wo;011790;21191011;20970707;TGOv;true;PE;NC;Ufebkos;20270407;20290122;true
899595;Aiden;Harvey;kabgetwaw@jejaje.hn;X;true;niha;4;obsusoji;weevojeg;ojakani;GQ;CA;Avasooj;DM;RI;Nuddecuw;okuhu;740899;20650206;20880613;DVZj;false;BF;AR;Vaflijzol;20380617;20460202;true
724656;Adrian;Sandoval;cijo@nus.mo;X;false;lef;7;wase;he;devbetmo;KP;TX;Tehfuma;PS;MN;Kujvuna;kowe;994965;20620117;21100523;pjwm;true;ST;CA;Soheperow;21000203;20581103;true
178808;Elmer;Aguilar;du@bazwaw.tn;X;true;racbap;5;tas;kam;papat;SZ;UT;Alvujfo;CH;UT;Budnebu;ba;503236;20430917;20811107;sIDq;true;MT;ME;Nefahcum;21180504;20231228;false
875130;Francis;Jimenez;orelusuh@ahula.ru;E;true;vicun;3;cauraomu;imne;vabzan;SG;SD;Otiches;BW;VT;Molizano;oji;015112;20360426;20480629;mkEj;false;EA;NM;Pobbufu;20530822;20660205;false
032090;Nannie;Bennett;cuwlel@bo.sx;X;false;iziha;4;muka;li;ijuto;GA;HI;Maritzu;EC;HI;Zesedje;udicu;468925;20570603;21120602;arbQ;true;BJ;MO;Hehejdo;20680526;20550411;true
984007;Tony;Walker;ifetupgis@we.bw;X;false;litak;NOBA;og;weenik;sa;YT;TX;Codhocjib;AU;RI;Gozkuila;mowila;189606;20641210;20820611;AIYp;true;TL;CT;Justefe;21101203;20640725;true
764471;Ophelia;Hines;tifuti@tih.cw;E;true;nani;5;se;neskibek;er;TN;MS;Rowkuzki;MC;AL;Goibwa;zarsazciz;330232;21180401;20620501;JqVu;false;BR;HI;Tewufuse;20990122;20880907;false
574961;Janie;McKenzie;winfuz@alfoar.am;X;false;viigpa;7;muk;eruibje;wo;RU;DE;Ranmujci;MW;VT;Onjano;muj;770724;20861031;21010216;NkEw;true;LS;NH;Vopamo;21100524;20500908;true
716614;Cora;Wade;il@save.cu;E;false;pinafuda;7;eju;umhe;efka;AF;AK;Ideguudu;BM;KS;Essefu;kasfa;489649;21180901;20700803;rLze;true;KR;AL;Subluvzi;21101114;20231223;false
135091;Mabel;Goodwin;usona@gepok.cz;X;true;nofbecov;7;zuwuw;juzo;adevi;BD;LA;Hokcowce;LT;WV;Nepcokev;eke;088255;20740811;20981123;eTRH;false;BH;TN;Reepdiz;21010104;20761110;true
106192;Adeline;Riley;kuucu@dizi.ki;E;false;dakov;DIR;ko;sudicbi;hi;DM;MS;Hucgeru;BI;NE;Ihvusem;gajad;897423;21071122;21000727;RKvU;true;ER;KY;Refbidor;20740926;21150413;true
094296;Bobby;Wise;peje@ki.cz;E;true;otkilizu;NOBA;ov;oca;necev;BW;WA;Fulaffej;CI;ND;Opaupvu;sa;889092;21060131;21190204;KTmt;false;LB;SD;Bibesbe;20891222;20420301;false
471620;Olga;Riley;busloz@moum.cd;X;true;cirpan;4;newohaf;pohbuzum;tuzduj;GG;WI;Boktogva;GT;KY;Dajudij;mirdenjuw;513079;20350924;20530108;bVrD;true;GW;DC;Fiptajid;20470916;20251114;false
177693;Clifford;Ramos;na@akfecun.si;X;false;wubobes;5;ub;duge;ow;IM;CA;Keocbo;ST;MI;Uhugerfe;araikitih;545554;20990131;20980820;sOba;true;TC;WA;Utagipapa;20900426;20790331;false
096353;Mason;Steele;im@zan.hn;E;true;otebevib;3;guszoz;vin;ehmoh;TJ;DC;Arepapup;TA;MO;Kecepo;asi;033313;20580509;20490602;Odxw;true;SO;MS;Tuvruzej;20461009;20890921;true
960178;Jeffery;Barnett;cad@detrecogi.org;X;true;siad;NOBA;gocotup;gor;gugdine;AE;ND;Nihewokam;MZ;NJ;Hejesur;fidi;191777;20960213;21181107;tEzy;false;GT;TX;Hetvucuje;20270121;20261219;false
584950;Genevieve;Wood;bih@safacimu.cf;E;false;kami;7;fu;gullu;feno;CI;ME;Holluwbe;IC;VT;Saliccas;op;090131;21090212;21031128;aLUa;false;EG;IL;Kirsidun;20361218;20460427;false
380342;Tyler;Wagner;pacdo@nov.rw;X;true;posjicviz;3;gas;omizahvir;libde;IO;IL;Susete;AR;MN;Kuzzegle;kaojesa;532497;20760417;20401011;kcoV;true;BS;OR;Jiwgectap;20820512;21110119;false
773842;Harvey;Joseph;ma@rap.ug;X;false;ohodater;7;inno;karjauk;azizu;SZ;LA;Nuwifzic;ET;VT;Ahaherva;kezuehu;537704;20870531;20920914;UpOY;false;MS;AR;Medtemdug;21100822;21100714;true
693621;Leah;Kim;vas@atu.cc;E;false;iva;7;pahbu;fo;solli;NI;NV;Zehirwu;BH;SC;Evasuvaj;iswiv;544278;20801026;20560822;YWgw;false;SA;KS;Tipiolo;21030129;20941115;true
494726;Douglas;Jimenez;vifwig@ev.tw;E;false;hariz;7;ifo;kiprew;asuda;MF;OH;Kezcubtek;AR;AL;Pocgunda;wi;388993;20330903;20310706;jSzC;true;HR;CO;Purokok;20250123;20861025;true
555267;Francis;Payne;zi@robgifsav.ml;E;false;vejruwta;2;uzi;nifawuh;narzi;BN;AL;Pisibab;KP;IN;Etwewluc;la;060146;20930601;20380831;wZpR;false;MX;MI;Vanordu;21121106;20951219;false
416740;William;Pearson;erenopgi@pono.ua;E;false;ispugaz;2;ruczuti;farajzuv;jiawuuve;AR;NE;Giznecnup;GP;CT;Acjeeme;cibu;403140;21180803;20730328;gDKP;true;AU;DC;Mupvenho;20820913;20391019;false
925777;Alejandro;Lee;ocgenrih@gajehiwe.il;E;true;ceor;2;ubkeg;ena;vuiru;MZ;WV;Negkafa;MX;WI;Gukunbu;wiupige;636629;21070813;21070408;ClVQ;true;AR;ND;Izzepo;20850204;20860220;true
701542;Lulu;Collier;hor@il.sh;X;true;aj;6;lovihuc;ritubik;hap;TM;MD;Tutepmoc;CW;IL;Dijutged;difbum;328206;20980601;20851220;OcrP;true;SB;MN;Gohoob;20480423;20620306;true
726125;Brian;Gross;jecu@ohudaole.ae;E;false;isoniji;4;lif;zelirjer;ref;LB;MO;Jibusi;LT;WY;Nehcakci;gedo;840892;20980623;20381109;rdcm;true;LC;FL;Maninke;20740213;20490316;false
798228;Alejandro;Marsh;tecge@vevnosti.fi;E;false;mehfalepa;2;akori;ecelinoj;usa;YE;MO;Zatbauf;SB;RI;Hiwubet;disij;546595;20241122;20520329;BRQH;true;GQ;WI;Fojunu;21091219;20360128;true
358322;Mabel;Haynes;fovo@egje.pa;X;true;civmomic;NOBA;gaw;faspo;uh;IL;NV;Hekjezun;SH;NC;Becteda;go;150230;20310410;20440818;CFHk;true;CO;NV;Paprimda;20541117;20970408;true
727143;Christopher;Love;pisojo@ja.se;E;false;re;NOBA;ne;zalu;alvuub;BE;NJ;Fecjamra;MQ;IN;Zoidoig;budfemfan;708780;20250801;21220106;iFpY;true;DG;MD;Hiwlonud;20980629;20780305;true
247150;Nora;Craig;diwom@tain.sy;E;false;muronowu;5;ekabe;famil;zikin;VG;IA;Vojivul;NI;ND;Fobono;pag;176402;20880522;20800415;OQLv;false;CN;VA;Opukompu;20500710;20390923;false
031832;Blanche;White;sitihla@coilakec.in;E;false;wefiis;4;ca;vutet;erufiso;BM;RI;Ratonwag;FI;MN;Rokiziro;rijed;057297;21090803;20690717;bgCK;false;AX;AZ;Bentasef;20550822;20451027;true
353036;Nellie;Lynch;gufdemad@nitozuk.tw;X;true;zazacaoz;4;gumocopo;vifiloh;zazzugemi;AX;CO;Maitzi;PN;IA;Fighifi;puhawilo;696631;20880614;20810501;ScaF;false;CL;MO;Aculusad;21190217;20311126;false
079606;Carl;Barrett;pif@gu.sj;E;true;adhacduk;6;em;ponjaom;geble;FR;MI;Omihubo;PT;TX;Wocicfeg;cesef;302797;21130516;20530508;CchN;true;MX;NM;Lezmulod;20871105;21100616;false
951047;Barbara;Wong;favco@ivkut.za;X;false;vohigi;2;misjugro;biagugu;utudozi;SR;NE;Dechafad;PG;NC;Mewosnu;hizpo;306601;20550909;20620514;vnvh;true;CX;MD;Abeoguhi;20400203;20490218;true
865272;Gabriel;Chavez;isbejon@wuz.cu;X;true;ugu;DIR;jolvahi;coefiiti;puhbo;FJ;DE;Niwuwoli;IQ;CT;Gujuju;da;371683;20520113;20940312;aftR;false;NI;WA;Feikofo;20770129;20721211;false
483350;Mario;Mills;he@cotatuh.zm;X;false;uhgapiw;6;at;naijeer;owalipif;CZ;SC;Beejbe;FI;DE;Tazoetu;gupsa;927345;20920409;20550929;GXWw;true;CL;WY;Nuohiha;20311127;21040610;false
216802;Annie;Hudson;wa@kadcidcef.net;E;true;cibsab;4;ku;ukawenow;ezudevev;TR;MN;Jifgeli;NU;OK;Napnapih;fupafib;880954;20630214;20370819;vCzQ;true;KW;VA;Jifune;20801021;20610208;false
967753;Ruby;Reed;abjit@lavsi.cu;E;false;gum;NOBA;lop;wig;nutaj;SX;NE;Lumakvu;TD;MI;Gudwigta;unru;324778;20860609;20660405;QWJK;true;PS;GA;Reremuw;20670518;20660622;true
419150;Elizabeth;Hicks;cerakpug@viap.az;X;false;votdi;6;enaaken;no;dafe;IT;NE;Hiadfib;TO;NE;Gimsahag;vurit;327462;21010307;20790209;xeiX;false;GM;DE;Jivepfon;20361130;20390712;true
144036;Leonard;Perkins;johob@iduko.va;E;false;vawuodo;2;ajiza;huhcajke;cirir;TW;PA;Janojbi;UY;SC;Siktezoz;sucma;672874;20970120;20341207;ymcH;false;PG;OR;Niwgegwej;20960628;21060322;true
243345;Myrtie;Lawrence;zulow@li.no;E;false;kug;7;moja;suek;ob;GT;AR;Kifecuhev;GQ;PA;Irimmu;fewiira;201866;20920925;20410414;Eibm;false;GH;CO;Rikrevri;20690830;21020607;false
284788;David;Chambers;wigjo@hiv.gg;X;true;folgo;6;zodohez;ulpop;ipo;PS;GA;Viktice;BQ;KS;Gitpirape;ralmojim;713010;21001112;20940804;Usmg;true;BE;HI;Wezevev;21210109;20590112;false
734397;Jay;Figueroa;copekbuz@marta.md;E;false;dit;6;satesu;wurmor;kuwtif;HK;AZ;Himnaza;UG;CO;Wehpapo;vukabge;713629;20820216;20401022;qggc;true;AT;AK;Julrilpec;20970512;20920731;false
982493;Leona;Howard;izinew@hi.gr;X;true;pibnavfo;6;pevverar;vupvavi;dunvaje;SC;AL;Nehfogwe;DG;IL;Canoplas;vo;386243;20440829;20351201;Kgrv;false;KZ;IN;Zemevov;20470418;21121031;true
323006;Roxie;Willis;zik@ufrotzut.ps;X;false;cew;3;huwulhob;jicu;operafzew;BZ;DE;Goniscuv;SL;GA;Vitinim;puk;110102;20960724;20220815;rBNK;false;CY;ND;Hujace;20891203;20620810;true
005178;Lura;Cox;nalnioh@ijiironi.it;X;true;eli;7;naowe;vitpemur;ulirini;IC;CT;Wefsarmi;NE;MT;Nassejmot;am;377541;20261220;20840813;GXxw;false;ML;NE;Kakpepoh;20390919;20850914;true
011676;Bess;Paul;godur@gef.ly;E;false;husipus;6;enite;bizobdal;ro;WF;VT;Aruifmol;SO;MO;Rolfone;jocwahpus;398606;20710524;21030206;pAMp;false;FK;MI;Tegisade;20860916;20951020;true
441336;Henry;Sparks;paregpih@momiv.sn;X;true;ku;NOBA;duhsidhun;devpovon;puv;TR;CA;Vahsefgic;BB;MD;Votajuahu;guwicum;221857;21010417;20770131;cHaA;true;TV;SC;Dadsirdev;20941024;20590825;false
902591;Laura;Schwartz;liha@hosat.hm;E;true;gok;3;joruwja;gim;bara;GS;GA;Pubusuru;EE;MD;Kihrurju;keura;214002;21111116;21040216;Uwva;false;US;SD;Idzejun;20530518;20800927;false
180060;Lewis;Beck;hucova@jewdot.pr;E;true;tu;NOBA;fop;ho;fimiwi;DO;SC;Jezogeahe;MC;MA;Juakme;go;990564;20900815;20870211;Xlif;true;BD;AK;Esziova;20541006;20690723;true
947449;Mario;Bradley;vupvivcoz@lamta.ms;E;true;baesizab;NOBA;nu;fa;ta;ZW;HI;Loaroku;DZ;OR;Zinjejnu;omkovim;348285;21030320;21020709;OAWe;false;GY;NM;Kogociju;21160812;20440201;true
808449;Dale;Moran;ebkewzog@ikagaze.bw;E;false;no;3;itowiso;jegbo;arrifaz;IO;WA;Fujogimad;SC;CO;Zunudo;tamun;245709;21170726;20620318;Uuca;false;BI;NE;Wulokzo;20700930;20660518;true
434784;Theodore;Moss;mifozre@go.io;X;false;jidojsug;NOBA;hicurvec;mo;robladodu;AI;VT;Niwinogi;BO;AK;Lekupak;zuwhaej;292064;20980828;20230903;QWEL;false;PF;NH;Nowdahvu;20380117;20961128;false
259572;Eliza;Gill;ipaam@damezu.tv;X;true;va;7;nid;cemheprep;jekug;CM;MA;Nuhogoob;CZ;IL;Ejakajac;fesdej;657581;20890516;20860808;artQ;false;NG;NH;Dadomid;20290405;20421016;false
598931;Jonathan;Watkins;ledok@ve.vn;E;false;juvov;7;zivig;hiwcew;hukliin;SG;CT;Jikkazle;DM;OH;Zevutu;ratogvuv;597457;20280726;20510416;hvcK;false;SZ;IA;Horbicol;20441203;20830219;true
603278;Nancy;Cox;ci@ka.as;X;false;ofo;DIR;unuso;jigserug;raca;CD;VT;Cekfukkac;MT;NC;Suvalkec;lohhudca;394625;20381110;20760121;oInk;false;PF;HI;Hoccebjuv;20351114;21160302;false
715980;Norman;Stone;tobaju@ujiricaw.sh;X;false;didpiage;3;ecegov;do;zikzugec;IE;AZ;Bazmutwoh;SS;DE;Zudwujsug;siciscan;792289;20851022;20870716;aDad;true;GN;DE;Hafbeci;21090525;21200820;true
394697;Jacob;Freeman;jut@cecekho.hm;E;true;derik;NOBA;kes;ejeti;su;KI;LA;Futidso;HT;MD;Nocrokvaj;cug;421562;20820612;21140830;HWsg;false;SG;MS;Pajaliz;20520103;20251212;false
267439;Amy;Vasquez;waseve@be.ae;E;false;mokva;NOBA;ba;es;femi;VE;MO;Wohtosti;XK;MI;Gevirbo;laidotir;721434;20660420;21071114;nBkO;true;TM;DE;Hodiwedu;20651012;20611008;false
779654;Margaret;Ford;gi@hetwogivu.ax;E;true;ezoho;7;sugpi;biv;awrena;KP;PA;Cofagov;AS;CT;Vafotkur;het;516722;20420924;21000111;xtoe;false;HK;MS;Zizuvla;20300310;21050405;true
734392;Stella;Patton;jit@beivo.jm;E;true;mi;DIR;hukzig;limki;cugi;VU;IL;Tekohani;BJ;WY;Nevfoada;ecum;833655;21040513;21161116;gMMi;true;MW;DC;Coeluoku;20741120;20820718;true
397499;Barry;Manning;iju@ce.bb;E;false;uc;NOBA;ane;gagadsa;lorramujo;SA;NY;Vencecek;AG;KS;Kummitjad;sad;665720;20240626;20250920;qQUg;false;GM;IN;Wosdofwi;20381019;20570121;true
854189;Theresa;Day;cogvo@idibevoc.ss;E;true;ma;DIR;re;kito;mu;UA;IL;Suderuvip;MW;RI;Pikiwe;mug;090740;20781206;20720919;okHg;true;RS;MD;Buvkazjov;21070823;20900630;false
604786;Tom;Jacobs;bemtoz@ohgolde.fo;X;true;tu;DIR;wofot;ivofosji;botrioz;SG;TX;Nivudan;TZ;WV;Bamtokil;wo;579516;20290317;20250113;jOhS;false;LB;VT;Uwbawi;20700828;21150208;false
605175;Aiden;Hampton;zazinejo@evcuhu.mm;E;true;zulor;3;bamaz;anevo;dujomo;VA;KS;Looclep;GL;AR;Kokvewzej;zuvivhu;779642;20750810;20690115;NPUb;false;PW;HI;Mescevugo;20890129;20940225;true
975280;Vincent;Buchanan;ji@ufesizov.ga;E;false;zalpaf;2;sambisagu;lohpuz;udu;AR;TX;Nilgopeg;IO;NJ;Cukatnik;tuum;110364;20330822;20980105;dxXP;true;CX;FL;Cezpuih;20240109;20850724;true
240244;Sue;Steele;wittifjo@zu.br;E;false;tat;4;najkam;toso;pujde;VN;SC;Zearca;LR;TX;Midupho;sala;358660;20890329;20380401;iPbP;true;TW;IL;Ribihri;21001202;20910112;true
732908;Lawrence;Fleming;ijere@fej.do;X;true;zuf;7;favar;daodo;ukerer;US;MS;Apnizma;TO;ID;Zemekuk;hi;744219;20401226;20930311;Wbys;true;PH;MS;Jupdita;21170126;20230225;false
